Q,Section,Question,Options given,Answer read from highlight,Read confidence,Status,Conflict / note
Q1,A1. Price conflicts,Single Swarovski tooth gem — which price is correct?,$40 / $60 / Other,$40,High,Answered,
Q2,A1. Price conflicts,Permanent eyeliner (upper / lash enhancement) — which price is correct?,$199 / $230 / Other,$199,High,Answered,Confirms the $199 figure used in the Q50 touch-up table.
Q3,A1. Price conflicts,BOMB lash lift + tint — which price is correct?,$75 / $70 / Other,$70,High,Answered,
Q4,A1. Price conflicts,Saline PMU / tattoo removal — which price is correct?,$150 / $125 / Other,$125,High,Answered,"CONFLICT: Q26 confirms an 'emergency saline removal' still sells at $150 on the site. Two different saline products, or one price? Confirm."
Q5,A1. Price conflicts,Teeth whitening (basic) — which price is correct?,$125 / $99 / Other,$99,High,Answered,Makes Basic and 24k gold both $99 — see Q17.
Q6,A1. Price conflicts,Was there ever a '$95 whitening added to another service' deal?,"Yes, still runs / Used to, not anymore / Never existed",Never existed,High,Answered,Remove every trace of the $95 add-on from the new site.
Q7,A2. Bundles priced above parts,Tooth gems 'book in with a friend' — $90 (two gems separately = $80),Reprice / Delete it / Leave as is,Delete it,High,Answered,Consistent with Q9.
Q8,A2. Bundles priced above parts,Swarovski gems 'bring a friend' — $100 (two gems separately = $80),Reprice to $__ / Delete it / Leave as is,Reprice to: $____,"High on choice, amount BLANK",BLOCKED,AMOUNT MISSING. Needs to come in under $80 to be a real saving. Suggest $70–$75.
Q9,A2. Bundles priced above parts,Two versions of the same tooth-gem friend deal ($90 and $100),Keep $90 delete $100 / Keep $100 delete $90 / Keep both,"Keep the $100, delete the $90",High,Answered,"Reads together with Q7 and Q8: the $90 deal goes, the $100 deal survives and gets repriced."
Q10,A2. Bundles priced above parts,RF 3-session package — $190 (pay-as-you-go = $175),Reprice package to $__ / Hide the $25 session / Leave as is,Reprice package to: $____,"Medium — mark sits on the Reprice box, amount BLANK",BLOCKED,AMOUNT MISSING. Must be under $175 to beat pay-as-you-go. Suggest $165.
Q11,A2. Bundles priced above parts,Top + bottom eyeliner — $320 (parts = $319),Reprice to $__ / Leave as is,Reprice to: $____,"High on choice, amount BLANK",BLOCKED,AMOUNT MISSING. Suggest $299 for a visible saving.
Q12,A3. Bundles undercutting services,"'Whitening + lash lift of choice' — $149, described as 3x20min (= Ultra $145)",Reprice / Delete / Meant to be basic whitening / Leave as is,"It's meant to use basic whitening, not Ultra",High,Answered,"ACTION: the booking-system description must be rewritten to say 2x20min basic, not 3x20min. The description is the bug, not the price."
Q13,A3. Bundles undercutting services,"'Whitening + Swarovski tooth gem' — $140, described as 3x20min (= Ultra $145)",Reprice / Meant to be basic whitening / Leave as is,"It's meant to use basic whitening, not Ultra",High,Answered,Same description fix as Q12.
Q14,A3. Bundles undercutting services,"If Q12/Q13 are repriced, do the $160 and $170 whitening+lash bundles stay?",Keep both / Delete both / Keep: __,Keep both,"Medium — mark is at the line end, immediately before 'Keep both'",Answered,Verify with Jamie. Four overlapping whitening+lash bundles is a lot of menu; worth a second look even if 'keep both' is right.
Q15,A5. Descriptions quoting fake prices,"'Keratin lash lift and tint..bring a friend' — description promises $75 each, actual $67.50 each",Fix description to match $135 / Change price to $150,Fix the description to match $135,High,Answered,"New wording: $135 for two = $67.50 each, saving $12.50 each."
Q16,A5. Descriptions quoting fake prices,"'Top and bottom eyeliner touchup' — $180, description cites upper $100 + lower $80","$180 is correct, fix description / Reprice","$180 is correct, fix the description",High,Answered,"Real touch-ups are upper $135 + lower $100 = $235, so $180 is a genuine $55 saving. Say that."
Q17,A6. Whitening tiers,Basic and 24k gold are both $99 for different lengths. Intended?,Yes / No — 24k gold should be $__,No — 24k gold should be $____,"High on choice, amount BLANK",BLOCKED,AMOUNT MISSING. Blocks the whitening pricing table on /smile/teeth-whitening/.
Q18,A6. Whitening tiers,"In one line: Basic vs Ultra, and where 24k gold fits",(written answer),BLANK,—,BLOCKED,Needed for the whitening tier comparison block. Without it the three tiers are indistinguishable to a customer.
Q19,A6. Whitening tiers,"Tooth gems, 5 or more — site says 'special discount pricing'. What is it?",(written answer),BLANK,—,BLOCKED,Either supply the number or remove the 'special discount pricing' claim from the site.
Q20,B. Booking fee,How much notice to move the $50 fee to a new date?,24 hours / 48 hours / Other,24 hours,High,Answered,CONFLICT with Q22 — see Q22.
Q21,B. Booking fee,Can the fee be transferred more than once?,"Once only / Unlimited / Once for brows, unlimited others",Once only,High,Answered,
Q22,B. Booking fee,Change eyeliner wording from 'reschedule within 48 hours' to 'more than 48 hours before'?,"Yes / No, 'within' is what I mean",Yes,High,Answered,"CONFLICT: Q20 sets the policy at 24 hours. If 24 hours is the single site-wide rule, this wording should read 'more than 24 hours before'. Confirm which number wins before publishing the policy block."
Q23,B. Booking fee,"Does the $50 apply to non-PMU bookings (lash, whitening, gems)?",PMU only / All bookings / Other,PMU only,High,Answered,"Booking-fee notice appears on PMU pages only, not lash/smile pages."
Q24,B. Booking fee,No-show — what happens?,Lose the $50 / Lose $50 + can't rebook online / Other,Lose the $50,High,Answered,
Q25,B. Booking fee,Late arrival — how late before you cancel?,10 / 15 / 20 min / Other,10 min,High,Answered,
Q26,C. Still offered?,"Emergency saline removal — on site at $150, not bookable",Yes / No,Yes,Medium — mark is over the box before 'Yes',Answered,"If yes, it needs to become bookable, and the $150 vs $125 conflict from Q4 has to resolve."
Q27,C. Still offered?,Emergency saline removal — what's the window?,24 hrs / 48 hrs / Other,24 hrs,High,Answered,Site currently says 48 hrs in one place and 24–48 in another. Both get corrected to 24.
Q28,C. Still offered?,Emergency saline removal — after-hours fee (after 9pm / before 8am),$__,BLANK,—,BLOCKED,AMOUNT MISSING. Can't publish an emergency service with an unstated surcharge.
Q29,C. Still offered?,Breast augmentation scar camouflage — still offered?,Yes / No,No,Medium — mark sits over the box before 'No',Answered,Remove the single mention from the site entirely.
Q30,C. Still offered?,"Permanent makeup training — bio advertises it, not bookable","Yes, I teach PMU — $__ / No, remove it","No, remove it from the site",High,Answered,CONFLICT with Q52 — see Q52. Strip PMU training from the bio; lash lift and whitening training survive.
Q31,C. Still offered?,Derol lip plumping kit,Yes — $__ / No,Yes — $____,"High on choice, amount BLANK",BLOCKED,AMOUNT MISSING. Also decides whether a retail/product page is needed beyond the lash serum page.
Q32,C. Still offered?,Lash lift aftercare products (site says '$20–$45' but names none),Yes — list them / No,NO MARK FOUND,—,BLOCKED,"Unanswered. Either name the products and prices, or drop the '$20–$45' claim from the lash lift page."
Q33,D. Fat cavitation,Is fat cavitation / lipolaser available now?,Yes bookable / Not yet — expected __ / Not going ahead,Not yet — expected: ____,"High on choice, date BLANK",Answered,Date missing but doesn't block the build — see Q34.
Q34,D. Fat cavitation,"Leave fat cavitation off the new site until description, contraindications and aftercare exist?","Agree, leave it off / No, include it","Agree, leave it off for now",High,Answered,No fat cavitation page in this build. The architecture note about /skin-tightening/ becoming a 'Skin & Body' hub stays parked.
Q35,E. Medical,Lupus / rheumatoid arthritis eligibility (site contradicts itself),Never eligible / Eligible if controlled with doctor's note / Case by case,"Eligible if controlled, with doctor's note",High,Answered,"One wording, used identically on every PMU page."
Q36,E. Medical,Celiac / Crohn's — currently in both the 'fine' and 'needs doctor's OK' lists,Fine to proceed / Needs doctor's OK,Fine to proceed,High,Answered,Remove from the 'needs doctor's OK' list everywhere.
Q37,E. Medical,Microblading — how long does it really last?,9–12 months / 1–2 years / Other,1–2 years,High,Answered,Site currently says 9–12 months in one place and 1–3 years in another. Both become 1–2 years.
Q38,E. Medical,Microblade first touch-up — time limit?,Within 2 months / Within __ / No limit,Within 2 months,High,Answered,Matches the powder brow rule. One consistent touch-up window across PMU.
Q39,E. Medical,"If someone misses the touch-up window, do they pay the $170 colour boost instead?",Yes / No,No,"Medium — mark is at the line end, over the box before 'No'",Answered,"GAP: if not the $170 colour boost, then what do they pay? Needs an answer before touch-up pricing can be published under Q50."
Q40,F. Written answers,Opening hours (Mon–Sun),(written answer),BLANK,—,BLOCKED,"HIGHEST-IMPACT BLANK. Blocks LocalBusiness schema, the footer, the contact page and the Google Business Profile."
Q41,F. Written answers,Full teeth whitening contraindication list,(written answer),BLANK,—,BLOCKED,Blocks publication of /smile/teeth-whitening/ and /smile/sensitive-teeth-whitening/.
Q42,F. Written answers,Saline removal aftercare — what do you tell people about the scab?,(written answer),BLANK,—,BLOCKED,Blocks publication of /permanent-makeup/saline-tattoo-removal/.
Q43,F. Written answers,Tooth gem aftercare,(written answer),BLANK,—,BLOCKED,"Blocks publication of /smile/tooth-gems/ — which is the highest-volume quick win in the set (3,400/mo at KD 0)."
Q44,F. Written answers,RF skin tightening — who shouldn't have it?,(written answer),BLANK,—,BLOCKED,Already flagged in the architecture sheet as a pre-publish blocker for /skin-tightening/.
Q45,F. Written answers,"Training and certifications (what, and from where)",(written answer),BLANK,—,BLOCKED,Blocks the About page trust section and the training page from Q52.
Q46,F. Written answers,Teeth whitening gel — peroxide concentration,__%,BLANK,—,BLOCKED,Needed for the whitening FAQ; also a competitive differentiator worth stating.
Q47,G. Business details,Payment methods accepted,Cash / Debit / Credit / E-transfer / Other,"Cash, Debit, Credit, E-transfer","Medium — four marks, one per option, sitting slightly right of each box",Answered,All four. No 'Other' marked.
Q48,G. Business details,Second email (Browsonpointcourtenay@gmail.com) on the site for the lip kit,Retire it / Keep it — used for __,Retire it,High,Answered,Single contact email site-wide. Note this sits oddly with Q31 keeping the lip kit — where do lip kit enquiries go now?
Q49,G. Business details,Anything clients need to know about parking or finding the door?,(written answer),BLANK,—,BLOCKED,"Blocks the contact/directions block. Low effort, high conversion value for a local service business."
Q50,H. Site decisions,"Publish touch-up prices? (Powder brow $300/$125, Microblading $275/$100, Upper eyeliner $199/$135)",Yes publish / No / Yes but check figures,"Yes, publish it",High,Answered,Figures accepted as printed. Year-1 totals ($425 / $375 / $334) can be published too. Depends on the Q39 gap being closed.
Q51,H. Site decisions,Feature the free 30-min consultation as a main button on every permanent makeup page?,Yes / No,Yes,High,Answered,"Primary CTA on all five PMU pages, secondary to 'Book now'."
Q52,H. Site decisions,Training ($500 lash lift / $550 whitening) — give it a proper page?,Yes / No / Not a priority,Yes,High,Answered,"CONFLICT with Q30: the training page covers lash lift and whitening ONLY. No PMU training anywhere. Also NOTE: this page does not exist in the site architecture CSV — it's a 16th page, with no keyword research behind it."
